<?xml version="1.0" encoding="UTF-8"?>
<project-private xmlns="http://www.netbeans.org/ns/project-private/1">
    <editor-bookmarks xmlns="http://www.netbeans.org/ns/editor-bookmarks/2" lastBookmarkId="0"/>
    <open-files xmlns="http://www.netbeans.org/ns/projectui-open-files/2">
        <group>
            <file>file:/C:/Users/FRANCESCADELLAMANO/Desktop/XML-XSD_java/Es_32_drone/src/es_32_drone/Es_32_drone.java</file>
            <file>file:/C:/Users/FRANCESCADELLAMANO/Desktop/XML-XSD_java/Es_32_drone/src/es_32_drone/Parser.java</file>
            <file>file:/C:/Users/FRANCESCADELLAMANO/Desktop/XML-XSD_java/Es_32_drone/src/es_32_drone/Posizione.java</file>
        </group>
    </open-files>
</project-private>
